{"cameraMode":{"drawMode":0,"name":"Shaded","section":"Shading Mode"},"sceneLighting":false,"audioPlay":false,"sceneViewState":{"showFog":true,"showMaterialUpdate":false,"showSkybox":false,"showFlares":true,"showImageEffects":true,"showParticleSystems":true},"in2DMode":false,"pivot":{"x":5.960464477539063e-8,"y":2.3389317989349367,"z":-8.940696716308594e-8},"rotation":{"x":-0.08412279933691025,"y":0.7162442207336426,"z":-0.0876794308423996,"w":-0.6871903538703919},"size":3.2317001819610597,"orthographic":false}