{"cameraMode":{"drawMode":0,"name":"Shaded","section":"Shading Mode"},"sceneLighting":false,"audioPlay":false,"sceneViewState":{"showFog":true,"showMaterialUpdate":false,"showSkybox":false,"showFlares":true,"showImageEffects":true,"showParticleSystems":true},"in2DMode":false,"pivot":{"x":-2.930000066757202,"y":5.898931503295898,"z":-8.940696716308594e-8},"rotation":{"x":-0.08412279933691025,"y":0.7162442207336426,"z":-0.0876794308423996,"w":-0.6871903538703919},"size":3.2316997051239015,"orthographic":false}